epoch,endpoint_error,learning_rate,loss,val_endpoint_error,val_loss
0,0.7026616334915161,9.999999747378752e-05,0.7826783657073975,0.6088630557060242,0.479348748922348
1,0.6458815336227417,9.999999747378752e-05,0.6574029922485352,0.5742387771606445,0.44664302468299866
2,0.6195715069770813,9.999999747378752e-05,0.6372779011726379,0.5282968282699585,0.39229676127433777
3,0.6007488369941711,9.999999747378752e-05,0.6130802631378174,0.5128480195999146,0.3837689161300659
4,0.5888066291809082,9.999999747378752e-05,0.6143918037414551,0.5127071738243103,0.3905605673789978
5,0.5749655365943909,9.999999747378752e-05,0.5901855826377869,0.5101844072341919,0.37983885407447815
6,0.5674622058868408,9.999999747378752e-05,0.5782745480537415,0.48423823714256287,0.3590033948421478
7,0.5575608611106873,9.999999747378752e-05,0.5673549771308899,0.4826113283634186,0.3498627245426178
8,0.5509917140007019,9.999999747378752e-05,0.5401124358177185,0.47718700766563416,0.3460114002227783
9,0.5438663363456726,9.999999747378752e-05,0.5478536486625671,0.4901552200317383,0.3524021506309509
10,0.5422557592391968,9.999999747378752e-05,0.5491167902946472,0.47481173276901245,0.347819983959198
11,0.5370275378227234,9.999999747378752e-05,0.5400952696800232,0.4729442000389099,0.3483664095401764
12,0.536424994468689,9.999999747378752e-05,0.5437369346618652,0.46203893423080444,0.3308059871196747
13,0.5310579538345337,9.999999747378752e-05,0.5333400368690491,0.46045780181884766,0.32933950424194336
14,0.518871009349823,9.999999747378752e-05,0.5121960639953613,0.4552760720252991,0.3285474181175232
15,0.5266743898391724,9.999999747378752e-05,0.5313953161239624,0.4571865499019623,0.33010441064834595
16,0.5190864205360413,9.999999747378752e-05,0.513840913772583,0.4515531063079834,0.32361215353012085
17,0.5172183513641357,9.999999747378752e-05,0.5114409327507019,0.44891005754470825,0.325369656085968
18,0.5174939036369324,9.999999747378752e-05,0.5234349370002747,0.4409782290458679,0.317122220993042
19,0.5097516179084778,9.999999747378752e-05,0.4982374310493469,0.4548804759979248,0.32525891065597534
20,0.5091924667358398,9.999999747378752e-05,0.5016981959342957,0.44044941663742065,0.31825006008148193
21,0.5083563327789307,9.999999747378752e-05,0.49757564067840576,0.4517796039581299,0.3212459087371826
22,0.5060939788818359,9.999999747378752e-05,0.4942256212234497,0.44108161330223083,0.3187526762485504
23,0.5063772797584534,9.999999747378752e-05,0.500318706035614,0.44458967447280884,0.318041056394577
24,0.5020112991333008,9.999999747378752e-05,0.48635733127593994,0.45598897337913513,0.324302077293396
25,0.5019286274909973,9.999999747378752e-05,0.494306743144989,0.4429905414581299,0.31172946095466614
26,0.5014368295669556,9.999999747378752e-05,0.5054128766059875,0.44785866141319275,0.3187079429626465
27,0.5025957822799683,9.999999747378752e-05,0.5065070390701294,0.4431961178779602,0.3179704546928406
28,0.499068945646286,9.999999747378752e-05,0.4959167242050171,0.43697938323020935,0.31075650453567505
29,0.4970140755176544,9.999999747378752e-05,0.48848089575767517,0.42992204427719116,0.3091438412666321
30,0.4956437349319458,9.999999747378752e-05,0.49171847105026245,0.42684298753738403,0.30445098876953125
31,0.4956439137458801,9.999999747378752e-05,0.49246516823768616,0.4404829144477844,0.309262752532959
32,0.4921094477176666,9.999999747378752e-05,0.4878189265727997,0.429826557636261,0.31192833185195923
33,0.4921600818634033,9.999999747378752e-05,0.4950561225414276,0.42756643891334534,0.3020326495170593
34,0.49093854427337646,9.999999747378752e-05,0.4862147867679596,0.42532968521118164,0.3024972081184387
35,0.49192047119140625,9.999999747378752e-05,0.4905913472175598,0.42526984214782715,0.30579861998558044
36,0.489250510931015,9.999999747378752e-05,0.48332032561302185,0.4156374931335449,0.29770606756210327
37,0.4869638681411743,9.999999747378752e-05,0.468813955783844,0.421680212020874,0.2965872883796692
38,0.48904937505722046,9.999999747378752e-05,0.4854256510734558,0.4230724275112152,0.2982141673564911
39,0.48803281784057617,9.999999747378752e-05,0.4857345521450043,0.42185187339782715,0.2975553572177887
40,0.4884881377220154,9.999999747378752e-05,0.48373737931251526,0.42321690917015076,0.3041772246360779
41,0.48482173681259155,9.999999747378752e-05,0.47387558221817017,0.4181574881076813,0.2927649915218353
42,0.48497533798217773,9.999999747378752e-05,0.47791528701782227,0.4211066663265228,0.297763854265213
43,0.4824201166629791,9.999999747378752e-05,0.4749613404273987,0.41528767347335815,0.2955126166343689
44,0.4822331368923187,9.999999747378752e-05,0.4614756405353546,0.42340797185897827,0.3020174503326416
45,0.48245754837989807,9.999999747378752e-05,0.468937486410141,0.41753116250038147,0.2970488965511322
46,0.47950583696365356,9.999999747378752e-05,0.4624287486076355,0.42867332696914673,0.30086642503738403
47,0.47947707772254944,9.999999747378752e-05,0.46337568759918213,0.42442139983177185,0.3016898036003113
48,0.4824003577232361,9.999999747378752e-05,0.4773872196674347,0.40974417328834534,0.28986576199531555
49,0.47933778166770935,9.999999747378752e-05,0.46944552659988403,0.41827353835105896,0.29491090774536133
50,0.4802151620388031,9.999999747378752e-05,0.4675610065460205,0.4114321172237396,0.2934613823890686
51,0.4796614646911621,9.999999747378752e-05,0.4632558226585388,0.41639119386672974,0.2931458055973053
52,0.4784504771232605,9.999999747378752e-05,0.4592148959636688,0.41675394773483276,0.2944739758968353
53,0.4765022397041321,9.999999747378752e-05,0.4629524350166321,0.41389352083206177,0.29138463735580444
54,0.47688332200050354,9.999999747378752e-05,0.4697563350200653,0.4297492504119873,0.29648739099502563
55,0.4761277139186859,9.999999747378752e-05,0.46785053610801697,0.42453688383102417,0.30067363381385803
56,0.4731239676475525,9.999999747378752e-05,0.46276894211769104,0.41123166680336,0.2888452112674713
57,0.4767458438873291,9.999999747378752e-05,0.47252193093299866,0.43311959505081177,0.3020746409893036
58,0.47519439458847046,9.999999747378752e-05,0.4606457054615021,0.41913071274757385,0.29307010769844055
59,0.4747841954231262,9.999999747378752e-05,0.47381213307380676,0.4093247354030609,0.2858101427555084
60,0.47259384393692017,9.999999747378752e-05,0.45612791180610657,0.407102108001709,0.2868307828903198
61,0.47377103567123413,9.847457840805873e-05,0.46659785509109497,0.4240550994873047,0.2962871491909027
62,0.47168904542922974,9.694915206637233e-05,0.4626007676124573,0.41649192571640015,0.2891421914100647
63,0.47258543968200684,9.542372572468594e-05,0.4598069190979004,0.41119369864463806,0.2907901406288147
64,0.46909815073013306,9.389830665895715e-05,0.463276207447052,0.40903228521347046,0.2861865162849426
65,0.4671246409416199,9.237288031727076e-05,0.4555032551288605,0.4112010598182678,0.2900139391422272
66,0.46933501958847046,9.084746125154197e-05,0.4568648636341095,0.4033651351928711,0.2819211483001709
67,0.4682958126068115,8.932203490985557e-05,0.4588971436023712,0.4048825800418854,0.28630760312080383
68,0.46959635615348816,8.779660856816918e-05,0.46467095613479614,0.41780978441238403,0.29331666231155396
69,0.4662737548351288,8.627118950244039e-05,0.45766589045524597,0.4018881320953369,0.28116196393966675
70,0.46598872542381287,8.4745763160754e-05,0.45224529504776,0.41384753584861755,0.28792351484298706
71,0.46400371193885803,8.32203368190676e-05,0.45111095905303955,0.40958619117736816,0.2863149642944336
72,0.4642584025859833,8.169491775333881e-05,0.456673264503479,0.4031178951263428,0.2805928587913513
73,0.45927372574806213,8.016949141165242e-05,0.43290969729423523,0.40374642610549927,0.28522127866744995
74,0.4611249268054962,7.864406506996602e-05,0.4359796643257141,0.4024902880191803,0.2811809182167053
75,0.46137869358062744,7.711864600423723e-05,0.4397393465042114,0.3975179195404053,0.2759288251399994
76,0.46407073736190796,7.559321966255084e-05,0.46192026138305664,0.40172070264816284,0.28219789266586304
77,0.4597148597240448,7.406779332086444e-05,0.4441279172897339,0.40138888359069824,0.28319913148880005
78,0.45972737669944763,7.254237425513566e-05,0.44358494877815247,0.4012167453765869,0.2788168489933014
